date,ipc_energie,brent_eur,gaz_ttf,mp_hors_energie_eur,inflation_energie,inflation_lag1,inflation_lag3,inflation_lag6,inflation_lag12,brent_lag1,brent_lag3,gaz_ttf_lag1,gaz_ttf_lag3,mp_hors_energie_lag1,mp_hors_energie_lag3
2015-07-01,101.37,51.4,20.8,98.1,-4.051112162801706,-2.8225042621708663,-3.3872646418771857,-7.1247297678353245,0.7341723874904726,54.8,55.4,20.3,21.4,99.7,102
2015-08-01,99.47,41.9,19.4,95.1,-5.076820307281238,-4.051112162801706,-2.404619899649718,-5.275509246221722,-1.485381216508408,51.4,57.5,20.8,20.4,98.1,100.7
2015-09-01,98.43,42.4,19.1,93.4,-5.862662586074974,-5.076820307281238,-2.8225042621708663,-3.731343283582089,-2.462686567164185,41.9,54.8,19.4,20.3,95.1,99.7
2015-10-01,97.81,43.1,18.3,92.6,-6.096390168970811,-5.862662586074974,-4.051112162801706,-3.3872646418771857,-1.1670936521491648,42.4,51.4,19.1,20.8,93.4,98.1
2015-11-01,97.35,41.2,17.5,92.3,-5.996523754345318,-6.096390168970811,-5.076820307281238,-2.404619899649718,-1.1171584073331409,43.1,41.9,18.3,19.4,92.6,95.1
2015-12-01,96.15,35,16,89.4,-4.707631318136773,-5.996523754345318,-5.862662586074974,-2.8225042621708663,-4.360189573459705,41.2,42.4,17.5,19.1,92.3,93.4
2016-01-01,95.02,28.3,13.8,88.4,-3.8356441655702955,-4.707631318136773,-6.096390168970811,-4.051112162801706,-7.1247297678353245,35,43.1,16,18.3,89.4,92.6
2016-02-01,94.06,29,12.2,89,-6.788227133088887,-3.8356441655702955,-5.996523754345318,-5.076820307281238,-5.275509246221722,28.3,41.2,13.8,17.5,88.4,92.3
2016-03-01,94.89,34.4,12,93,-6.888430968501613,-6.788227133088887,-4.707631318136773,-5.862662586074974,-3.731343283582089,29,35,12.2,16,89,89.4
2016-04-01,95.18,36.7,12,94.9,-6.786798550582695,-6.888430968501613,-3.8356441655702955,-6.096390168970811,-3.3872646418771857,34.4,28.3,12,13.8,93,88.4
2016-05-01,97.24,41.3,13.1,94.9,-5.674653215636827,-6.786798550582695,-6.788227133088887,-5.996523754345318,-2.404619899649718,36.7,29,12,12.2,94.9,89
2016-06-01,99.39,43,14.4,97.8,-3.128654970760225,-5.674653215636827,-6.888430968501613,-4.707631318136773,-2.8225042621708663,41.3,34.4,13.1,12,94.9,93
2016-07-01,98.07,41,14.4,101.6,-3.255401006214864,-3.128654970760225,-6.786798550582695,-3.8356441655702955,-4.051112162801706,43,36.7,14.4,12,97.8,94.9
2016-08-01,96.5,41.8,12.3,99.9,-2.9858248718206526,-3.255401006214864,-5.674653215636827,-6.788227133088887,-5.076820307281238,41,41.3,14.4,13.1,101.6,94.9
2016-09-01,97.31,42.5,12.9,98.5,-1.1378644722137565,-2.9858248718206526,-3.128654970760225,-6.888430968501613,-5.862662586074974,41.8,43,12.3,14.4,99.9,97.8
2016-10-01,98.53,46.6,16.5,101,0.73612105101728,-1.1378644722137565,-3.255401006214864,-6.786798550582695,-6.096390168970811,42.5,41,12.9,14.4,98.5,101.6
2016-11-01,99.42,43.7,18,109.1,2.12634822804314,0.73612105101728,-2.9858248718206526,-5.674653215636827,-5.996523754345318,46.6,41.8,16.5,12.3,101,99.9
2016-12-01,100.3,52.1,17.5,112.9,4.316172646905869,2.12634822804314,-1.1378644722137565,-3.128654970760225,-4.707631318136773,43.7,42.5,18,12.9,109.1,98.5
2017-01-01,104.8,52.2,19.7,115.1,10.292569985266265,4.316172646905869,0.73612105101728,-3.255401006214864,-3.8356441655702955,52.1,46.6,17.5,16.5,112.9,101
2017-02-01,104.79,52.6,19.4,118.1,11.4076121624495,10.292569985266265,2.12634822804314,-2.9858248718206526,-6.788227133088887,52.2,43.7,19.7,18,115.1,109.1
2017-03-01,104.27,49.2,16,116.7,9.885130150700805,11.4076121624495,4.316172646905869,-1.1378644722137565,-6.888430968501613,52.6,52.1,19.4,17.5,118.1,112.9
2017-04-01,103.99,50.1,16,110.7,9.256146249212005,9.885130150700805,10.292569985266265,0.73612105101728,-6.786798550582695,49.2,52.2,16,19.7,116.7,115.1
2017-05-01,102.42,46.5,15.6,106.4,5.327025915261219,9.256146249212005,11.4076121624495,2.12634822804314,-5.674653215636827,50.1,52.6,16,19.4,110.7,118.1
2017-06-01,101.27,42.4,14.9,104.5,1.8915383841432654,5.327025915261219,9.885130150700805,4.316172646905869,-3.128654970760225,46.5,49.2,15.6,16,106.4,116.7
2017-07-01,99.95,42.6,14.8,105.7,1.9169980626083438,1.8915383841432654,9.256146249212005,10.292569985266265,-3.255401006214864,42.4,50.1,14.9,16,104.5,110.7
2017-08-01,101.15,44,15.8,105.8,4.818652849740945,1.9169980626083438,5.327025915261219,11.4076121624495,-2.9858248718206526,42.6,46.5,14.8,15.6,105.7,106.4
2017-09-01,102.23,46.6,17.1,103.6,5.0560065769191365,4.818652849740945,1.8915383841432654,9.885130150700805,-1.1378644722137565,44,42.4,15.8,14.9,105.8,104.5
2017-10-01,103.22,48.9,17.9,102.9,4.759971582259204,5.0560065769191365,1.9169980626083438,9.256146249212005,0.73612105101728,46.6,42.6,17.1,14.8,103.6,105.7
2017-11-01,104.83,53.4,19.5,103.4,5.441561054113864,4.759971582259204,4.818652849740945,5.327025915261219,2.12634822804314,48.9,44,17.9,15.8,102.9,105.8
2017-12-01,105.33,54.4,20.6,102.3,5.014955134596222,5.441561054113864,5.0560065769191365,1.8915383841432654,4.316172646905869,53.4,46.6,19.5,17.1,103.4,103.6
2018-01-01,110.26,56.6,18.6,102.9,5.20992366412214,5.014955134596222,4.759971582259204,1.9169980626083438,10.292569985266265,54.4,48.9,20.6,17.9,102.3,102.9
2018-02-01,110.27,52.9,18.6,103,5.229506632312231,5.20992366412214,5.441561054113864,4.818652849740945,11.4076121624495,56.6,53.4,18.6,19.5,102.9,103.4
2018-03-01,109.5,53.5,18.5,102.2,5.015824302292127,5.229506632312231,5.014955134596222,5.0560065769191365,9.885130150700805,52.9,54.4,18.6,20.6,103,102.3
2018-04-01,110.54,58.7,19.3,102.7,6.2986825656313306,5.015824302292127,5.20992366412214,4.759971582259204,9.256146249212005,53.5,56.6,18.5,18.6,102.2,102.9
2018-05-01,112.71,65.2,21.6,107.4,10.046865846514352,6.2986825656313306,5.229506632312231,5.441561054113864,5.327025915261219,58.7,52.9,19.3,18.6,102.7,103
2018-06-01,113.68,63.7,21.8,108.2,12.254369507257845,10.046865846514352,5.015824302292127,5.014955134596222,1.8915383841432654,65.2,53.5,21.6,18.5,107.4,102.2
2018-07-01,114.23,63.5,22.2,103.3,14.287143571785887,12.254369507257845,6.2986825656313306,5.20992366412214,1.9169980626083438,63.7,58.7,21.8,19.3,108.2,102.7
2018-08-01,114.26,62.8,23.9,100.7,12.96094908551655,14.287143571785887,10.046865846514352,5.229506632312231,4.818652849740945,63.5,65.2,22.2,21.6,103.3,107.4
2018-09-01,115.32,67.7,27.9,98.3,12.804460530177032,12.96094908551655,12.254369507257845,5.015824302292127,5.0560065769191365,62.8,63.7,23.9,21.8,100.7,108.2
2018-10-01,117.42,70.6,26.1,103.3,13.757023832590587,12.804460530177032,14.287143571785887,6.2986825656313306,4.759971582259204,67.7,63.5,27.9,22.2,98.3,103.3
2018-11-01,116.58,57,24.8,102.6,11.208623485643422,13.757023832590587,12.96094908551655,10.046865846514352,5.441561054113864,70.6,62.8,26.1,23.9,103.3,100.7
2018-12-01,113.77,49.8,23.9,100.2,8.01291180100636,11.208623485643422,12.804460530177032,12.254369507257845,5.014955134596222,57,67.7,24.8,27.9,102.6,98.3
2019-01-01,112.35,52,21.7,101.9,1.895519680754565,8.01291180100636,13.757023832590587,14.287143571785887,5.20992366412214,49.8,70.6,23.9,26.1,100.2,103.3
2019-02-01,113.85,56.4,18.1,105.9,3.246576584746519,1.895519680754565,11.208623485643422,12.96094908551655,5.229506632312231,52,57,21.7,24.8,101.9,102.6
2019-03-01,115.12,58.5,15.6,105.3,5.132420091324197,3.246576584746519,8.01291180100636,12.804460530177032,5.015824302292127,56.4,49.8,18.1,23.9,105.9,100.2
2019-04-01,115.85,63.4,14.9,108.4,4.803690971593988,5.132420091324197,1.895519680754565,13.757023832590587,6.2986825656313306,58.5,52,15.6,21.7,105.3,101.9
2019-05-01,116.56,63.6,13.2,107.2,3.415845976399612,4.803690971593988,3.246576584746519,11.208623485643422,10.046865846514352,63.4,56.4,14.9,18.1,108.4,105.9
2019-06-01,116.39,56.9,10.8,108.5,2.383884588318086,3.415845976399612,5.132420091324197,8.01291180100636,12.254369507257845,63.6,58.5,13.2,15.6,107.2,105.3
2019-07-01,115.13,57,11,110.9,0.7878840934955722,2.383884588318086,4.803690971593988,1.895519680754565,14.287143571785887,56.9,63.4,10.8,14.9,108.5,108.4
2019-08-01,115.12,53.1,11.3,103.9,0.7526693506038962,0.7878840934955722,3.415845976399612,3.246576584746519,12.96094908551655,57,63.6,11,13.2,110.9,107.2
2019-09-01,115.51,57.1,13,104.5,0.16475893166840727,0.7526693506038962,2.383884588318086,5.132420091324197,12.804460530177032,53.1,56.9,11.3,10.8,103.9,108.5
2019-10-01,115.52,54,15.6,103,-1.6181229773462813,0.16475893166840727,0.7878840934955722,4.803690971593988,13.757023832590587,57.1,57,13,11,104.5,110.9
2019-11-01,115.84,57.2,15.9,104.6,-0.6347572482415464,-1.6181229773462813,0.7526693506038962,3.415845976399612,11.208623485643422,54,53.1,15.6,11.3,103,103.9
2019-12-01,116.76,60.4,14.2,107.1,2.628109343412155,-0.6347572482415464,0.16475893166840727,2.383884588318086,8.01291180100636,57.2,57.1,15.9,13,104.6,104.5
2020-01-01,117.35,57.3,11.2,108.4,4.450378282153977,2.628109343412155,-1.6181229773462813,0.7878840934955722,1.895519680754565,60.4,54,14.2,15.6,107.1,103
2020-02-01,115.06,51.1,9.1,106.3,1.0628019323671634,4.450378282153977,-0.6347572482415464,0.7526693506038962,3.246576584746519,57.3,57.2,11.2,15.9,108.4,104.6
2020-03-01,110.55,28.8,8.4,100.7,-3.9697706740792316,1.0628019323671634,2.628109343412155,0.16475893166840727,5.132420091324197,51.1,60.4,9.1,14.2,106.3,107.1
2020-04-01,105.94,16.9,6.7,97.8,-8.554164868364268,-3.9697706740792316,4.450378282153977,-1.6181229773462813,4.803690971593988,28.8,57.3,8.4,11.2,100.7,108.4
2020-05-01,103.73,27.5,4.9,103,-11.007206588881257,-8.554164868364268,1.0628019323671634,-0.6347572482415464,3.415845976399612,16.9,51.1,6.7,9.1,97.8,106.3
2020-06-01,105.59,35.8,5.3,101.7,-9.279147693100775,-11.007206588881257,-3.9697706740792316,2.628109343412155,2.383884588318086,27.5,28.8,4.9,8.4,103,100.7
2020-07-01,106.62,37.7,5.4,102.6,-7.391644228263694,-9.279147693100775,-8.554164868364268,4.450378282153977,0.7878840934955722,35.8,16.9,5.3,6.7,101.7,97.8
2020-08-01,106.98,37.8,8.3,106,-7.0708825573314815,-7.391644228263694,-11.007206588881257,1.0628019323671634,0.7526693506038962,37.7,27.5,5.4,4.9,102.6,103
2020-09-01,106.26,34.7,11.4,108.7,-8.007964678382828,-7.0708825573314815,-9.279147693100775,-3.9697706740792316,0.16475893166840727,37.8,35.8,8.3,5.3,106,101.7
2020-10-01,106.5,34.1,14.2,108.4,-7.8081717451523485,-8.007964678382828,-7.391644228263694,-8.554164868364268,-1.6181229773462813,34.7,37.7,11.4,5.4,108.7,102.6
2020-11-01,106.84,36.1,13.9,112.1,-7.7693370165745845,-7.8081717451523485,-7.0708825573314815,-11.007206588881257,-0.6347572482415464,34.1,37.8,14.2,8.3,108.4,106
2020-12-01,108.64,41.1,16.4,118.6,-6.95443645083933,-7.7693370165745845,-8.007964678382828,-9.279147693100775,2.628109343412155,36.1,34.7,13.9,11.4,112.1,108.7
2021-01-01,110.49,45,20.4,122.1,-5.845760545377077,-6.95443645083933,-7.8081717451523485,-7.391644228263694,4.450378282153977,41.1,34.1,16.4,14.2,118.6,108.4
2021-02-01,113.24,51.5,17.4,126.3,-1.581783417347482,-5.845760545377077,-7.7693370165745845,-7.0708825573314815,1.0628019323671634,45,36.1,20.4,13.9,122.1,112.1
2021-03-01,115.73,55,17.6,131.9,4.685662596110363,-1.581783417347482,-6.95443645083933,-8.007964678382828,-3.9697706740792316,51.5,41.1,17.4,16.4,126.3,118.6
2021-04-01,115.23,54.1,20.4,139.3,8.769114593165938,4.685662596110363,-5.845760545377077,-7.8081717451523485,-8.554164868364268,55,45,17.6,20.4,131.9,122.1
2021-05-01,115.86,56.4,25,146.1,11.693820495517194,8.769114593165938,-1.581783417347482,-7.7693370165745845,-11.007206588881257,54.1,51.5,20.4,17.4,139.3,126.3
2021-06-01,117.15,60.8,29.2,144.1,10.948006440003798,11.693820495517194,4.685662596110363,-6.95443645083933,-9.279147693100775,56.4,55,25,17.6,146.1,131.9
2021-07-01,119.77,63.5,36.1,145,12.333520915400475,10.948006440003798,8.769114593165938,-5.845760545377077,-7.391644228263694,60.8,54.1,29.2,20.4,144.1,139.3
2021-08-01,120.52,60.2,44.7,143.5,12.656571321742383,12.333520915400475,11.693820495517194,-1.581783417347482,-7.0708825573314815,63.5,56.4,36.1,25,145,146.1
2021-09-01,122.14,63.3,66.2,139.2,14.944475814041036,12.656571321742383,10.948006440003798,4.685662596110363,-8.007964678382828,60.2,60.8,44.7,29.2,143.5,144.1
2021-10-01,128,72,91.3,144.5,20.187793427230048,14.944475814041036,12.333520915400475,8.769114593165938,-7.8081717451523485,63.3,63.5,66.2,36.1,139.2,145
2021-11-01,129.93,71,82.6,142.1,21.61175589666793,20.187793427230048,12.656571321742383,11.693820495517194,-7.7693370165745845,72,60.2,91.3,44.7,144.5,143.5
2021-12-01,128.74,65.8,114.8,148.5,18.501472754050074,21.61175589666793,14.944475814041036,10.948006440003798,-6.95443645083933,71,63.3,82.6,66.2,142.1,139.2
2022-01-01,132.43,76.5,85.2,154.7,19.8570006335415,18.501472754050074,20.187793427230048,12.333520915400475,-5.845760545377077,65.8,72,114.8,91.3,148.5,144.5
2022-02-01,137.19,85.4,81.9,160.4,21.149770399152246,19.8570006335415,21.61175589666793,12.656571321742383,-1.581783417347482,76.5,71,85.2,82.6,154.7,142.1
2022-03-01,149.55,106.4,131.3,175.4,29.223191912209458,21.149770399152246,18.501472754050074,14.944475814041036,4.685662596110363,85.4,65.8,81.9,114.8,160.4,148.5
2022-04-01,145.77,96.7,101.8,179,26.50351470971102,29.223191912209458,19.8570006335415,20.187793427230048,8.769114593165938,106.4,76.5,131.3,85.2,175.4,154.7
2022-05-01,148.11,106.9,94.1,170.5,27.835318487830165,26.50351470971102,21.149770399152246,21.61175589666793,11.693820495517194,96.7,85.4,101.8,81.9,179,160.4
2022-06-01,155.87,115.5,108.3,165.5,33.05164319248826,27.835318487830165,29.223191912209458,18.501472754050074,10.948006440003798,106.9,106.4,94.1,131.3,170.5,175.4
2022-07-01,153.9,109.9,172,160.6,28.496284545378646,33.05164319248826,26.50351470971102,19.8570006335415,12.333520915400475,115.5,96.7,108.3,101.8,165.5,179
2022-08-01,147.93,99.4,236,162.5,22.743113176236317,28.496284545378646,27.835318487830165,21.149770399152246,12.656571321742383,109.9,106.9,172,94.1,160.6,170.5
2022-09-01,144.03,90.6,203.5,156.4,17.92205665629605,22.743113176236317,33.05164319248826,29.223191912209458,14.944475814041036,99.4,115.5,236,108.3,162.5,165.5
2022-10-01,152.44,95,135.5,153.4,19.09375,17.92205665629605,28.496284545378646,26.50351470971102,20.187793427230048,90.6,109.9,203.5,172,156.4,160.6
2022-11-01,153.78,89.7,119.5,148.2,18.356037866543517,19.09375,22.743113176236317,27.835318487830165,21.61175589666793,95,99.4,135.5,236,153.4,162.5
2022-12-01,148.24,76.5,116.2,147.9,15.146807519030613,18.356037866543517,17.92205665629605,33.05164319248826,18.501472754050074,89.7,90.6,119.5,203.5,148.2,156.4
2023-01-01,153.95,76.6,63.9,150.8,16.250094389488766,15.146807519030613,19.09375,28.496284545378646,19.8570006335415,76.5,95,116.2,135.5,147.9,153.4
2023-02-01,156.47,77.3,52.6,152.4,14.053502441868936,16.250094389488766,18.356037866543517,22.743113176236317,21.149770399152246,76.6,89.7,63.9,119.5,150.8,148.2
2023-03-01,156.86,73.3,44,150.1,4.887997325309268,14.053502441868936,15.146807519030613,17.92205665629605,29.223191912209458,77.3,76.5,52.6,116.2,152.4,147.9
2023-04-01,155.72,77.2,42.1,147.7,6.825821499622675,4.887997325309268,16.250094389488766,19.09375,26.50351470971102,73.3,76.6,44,63.9,150.1,150.8
2023-05-01,151.08,69.6,31.7,142.9,2.005266356086688,6.825821499622675,14.053502441868936,18.356037866543517,27.835318487830165,77.2,77.3,42.1,52.6,147.7,152.4
2023-06-01,151.19,69,32.6,144.6,-3.0025020850709017,2.005266356086688,4.887997325309268,15.146807519030613,33.05164319248826,69.6,73.3,31.7,44,142.9,150.1
2023-07-01,148.2,72.4,29.5,144.3,-3.70370370370372,-3.0025020850709017,6.825821499622675,16.250094389488766,28.496284545378646,69,77.2,32.6,42.1,144.6,147.7
2023-08-01,157.99,78.9,35,144,6.800513756506454,-3.70370370370372,2.005266356086688,14.053502441868936,22.743113176236317,72.4,69.6,29.5,31.7,144.3,142.9
2023-09-01,161.12,87.5,36.9,148.2,11.865583558980774,6.800513756506454,-3.0025020850709017,4.887997325309268,17.92205665629605,78.9,69,35,32.6,144,144.6
2023-10-01,160.3,85.8,47.1,148.7,5.156127000787203,11.865583558980774,-3.70370370370372,6.825821499622675,19.09375,87.5,72.4,36.9,29.5,148.2,144.3
2023-11-01,158.53,76.8,45.7,150.6,3.088828196124327,5.156127000787203,6.800513756506454,2.005266356086688,18.356037866543517,85.8,78.9,47.1,35,148.7,144
2023-12-01,156.66,71.2,36,151.5,5.679978413383702,3.088828196124327,11.865583558980774,-3.0025020850709017,15.146807519030613,76.8,87.5,45.7,36.9,150.6,148.2
2024-01-01,156.88,73.4,29.9,150.6,1.9032153296524967,5.679978413383702,5.156127000787203,-3.70370370370372,16.250094389488766,71.2,85.8,36,47.1,151.5,148.7
2024-02-01,163.27,77.3,25.8,152.2,4.345880999552643,1.9032153296524967,3.088828196124327,6.800513756506454,14.053502441868936,73.4,76.8,29.9,45.7,150.6,150.6
2024-03-01,162.13,78.6,26.9,155.2,3.3596837944663838,4.345880999552643,5.679978413383702,11.865583558980774,4.887997325309268,77.3,71.2,25.8,36,152.2,151.5
2024-04-01,161.64,83.8,28.9,165.9,3.8016953506293305,3.3596837944663838,1.9032153296524967,5.156127000787203,6.825821499622675,78.6,73.4,26.9,29.9,155.2,150.6
2024-05-01,159.76,75.7,32,164.3,5.745300503044737,3.8016953506293305,4.345880999552643,3.088828196124327,2.005266356086688,83.8,77.3,28.9,25.8,165.9,152.2
2024-06-01,158.52,76.5,34.5,163.5,4.848204246312604,5.745300503044737,3.3596837944663838,5.679978413383702,-3.0025020850709017,75.7,78.6,32,26.9,164.3,155.2
2024-07-01,160.76,78.5,32.6,157.1,8.475033738191629,4.848204246312604,3.8016953506293305,1.9032153296524967,-3.70370370370372,76.5,83.8,34.5,28.9,163.5,165.9
2024-08-01,158.69,73,38.3,155.4,0.44306601683650193,8.475033738191629,5.745300503044737,4.345880999552643,6.800513756506454,78.5,75.7,32.6,32,157.1,164.3
2024-09-01,155.79,66.6,36.2,155.3,-3.3080933465739926,0.44306601683650193,4.848204246312604,3.3596837944663838,11.865583558980774,73,76.5,38.3,34.5,155.4,163.5
2024-10-01,157.1,69.4,40.4,160.7,-1.9962570180910855,-3.3080933465739926,8.475033738191629,3.8016953506293305,5.156127000787203,66.6,78.5,36.2,32.6,155.3,157.1
2024-11-01,157.48,69.7,44.7,167.2,-0.6623352046931208,-1.9962570180910855,0.44306601683650193,5.745300503044737,3.088828196124327,69.4,73,40.4,38.3,160.7,155.4
2024-12-01,158.6,70.5,45.2,172.3,1.238350568109281,-0.6623352046931208,-3.3080933465739926,4.848204246312604,5.679978413383702,69.7,66.6,44.7,36.2,167.2,155.3
2025-01-01,161.19,76.6,48.3,174.8,2.7473227944926126,1.238350568109281,-1.9962570180910855,8.475033738191629,1.9032153296524967,70.5,69.4,45.2,40.4,172.3,160.7
2025-02-01,153.79,72.4,50.3,178.4,-5.8063330679243075,2.7473227944926126,-0.6623352046931208,0.44306601683650193,4.345880999552643,76.6,69.7,48.3,44.7,174.8,167.2
2025-03-01,151.51,67.3,41.8,170.7,-6.550299142663296,-5.8063330679243075,1.238350568109281,-3.3080933465739926,3.3596837944663838,72.4,70.5,50.3,45.2,178.4,172.3
2025-04-01,149.08,60.6,35.2,160.1,-7.770353872803748,-6.550299142663296,2.7473227944926126,-1.9962570180910855,3.8016953506293305,67.3,76.6,41.8,48.3,170.7,174.8
2025-05-01,146.97,57.2,35.3,161.7,-8.005758637956928,-7.770353872803748,-5.8063330679243075,-0.6623352046931208,5.745300503044737,60.6,72.4,35.2,50.3,160.1,178.4
2025-06-01,147.89,62,36.6,156.2,-6.7057784506686975,-8.005758637956928,-6.550299142663296,1.238350568109281,4.848204246312604,57.2,67.3,35.3,41.8,161.7,170.7
2025-07-01,149.15,60.8,33.9,152.1,-7.221945757651149,-6.7057784506686975,-7.770353872803748,2.7473227944926126,8.475033738191629,62,60.6,36.6,35.2,156.2,160.1
2025-08-01,148.83,58.4,32.7,153.5,-6.213371983111715,-7.221945757651149,-8.005758637956928,-5.8063330679243075,0.44306601683650193,60.8,57.2,33.9,35.3,152.1,161.7
2025-09-01,148.86,57.4,32.3,157.1,-4.4482957827845055,-6.213371983111715,-6.7057784506686975,-6.550299142663296,-3.3080933465739926,58.4,62,32.7,36.6,153.5,156.2
