date,inflation_energie,pred_naif,pred_arima,pred_lm,pred_armax,pred_rf1,pred_rf2,pred_rf3,pred_rf4,pred_rf2_pondere,pred_rf2_rolling
2022-01-01,19.8570006335415,18.501472754050074,15.362980295446608,15.771988085612989,17.661692226477072,13.078325824496929,15.510619309667325,16.621276967491134,17.75825536015666,15.70297993858844,15.940039862146786
2022-02-01,21.149770399152246,19.8570006335415,13.114004823798627,17.939797124108896,16.42049347119465,11.920658370080348,15.323423184102593,16.73135050267879,17.936909536132298,15.866595002257856,17.011579571545624
2022-03-01,29.223191912209458,21.149770399152246,11.348283607738939,14.570120135087588,13.723691315197577,11.592578909056863,15.411144519359183,16.809790537384416,18.122081418144063,15.684620458104318,17.5900471176689
2022-04-01,26.50351470971102,29.223191912209458,9.884930522928688,33.2999561993063,22.917117422663164,10.780892411498403,14.301586085440816,15.817163036896556,17.462745481878972,14.897705815074458,22.23268341672695
2022-05-01,27.835318487830165,26.50351470971102,8.637021747390241,26.203990118848616,16.384350026441897,10.61975084513131,14.072764337505344,15.717660233258137,17.441779139150984,14.664389949979094,24.282207113467415
2022-06-01,33.05164319248826,27.835318487830165,7.557650333897849,16.887356563226902,15.406505620784523,10.68141588083801,14.094634194835317,15.717660233258137,17.441779139150984,14.664389949979094,26.40712946413715
2022-07-01,28.496284545378646,33.05164319248826,6.617675828621607,27.95408046124041,19.682686669134185,10.533700984680445,14.055114859710693,15.717660233258137,17.441779139150984,14.599292885962988,29.00310786084385
2022-08-01,22.743113176236317,28.496284545378646,5.796454514926423,29.905126536883365,23.491865151181536,10.526435300817607,14.050433783968938,15.717660233258137,17.43713699230669,14.599292885962988,28.931847425705925
2022-09-01,17.92205665629605,22.743113176236317,5.0778973476713904,27.40638454897259,24.581502546400273,10.52417836905697,14.050433783968938,15.717660233258137,17.43713699230669,14.599292885962988,26.65792424613615
2022-10-01,19.09375,17.92205665629605,4.448724617214956,8.497919817491677,14.403986642776868,10.523236229395936,13.940330828013177,15.71831012218402,17.40233542633555,14.5838442121289,22.723996332794428
2022-11-01,18.356037866543517,19.09375,3.897635157675892,-6.015277031283591,6.452340484519063,10.53462595417023,14.071803608351933,15.738413007237707,17.45556396091952,14.661408811654761,22.1880139459515
2022-12-01,15.146807519030613,18.356037866543517,3.4148639269369454,-2.6649942661000123,6.792157374548234,10.53462595417023,14.071803608351933,15.738413007237707,17.45556396091952,14.661408811654761,20.779643931172323
2023-01-01,16.250094389488766,15.146807519030613,2.9919110751750524,2.5413224255545606,5.340978768614303,10.230113957395183,13.52157439009966,15.369949377808805,17.18613685725523,14.116080049168445,18.534887687766496
2023-02-01,14.053502441868936,16.250094389488766,2.6213522695969482,2.1149619171333973,1.601675417741797,10.286479681707922,13.52157439009966,15.266339500510028,17.152021775738437,14.116080049168445,19.00005694703111
2023-03-01,4.887997325309268,14.053502441868936,2.296692009379779,-0.14452044138639972,-3.1082789462458122,9.776849278331767,12.22014730351921,13.885271276736857,15.606995412487692,12.615004815766303,15.556284770255802
2023-04-01,6.825821499622675,4.887997325309268,2.0122430781879235,-0.5993244329168479,-3.7944067131067203,5.284060041247725,7.033283325192745,9.218273364293166,11.291681100198215,7.497397401363325,7.285367750766219
2023-05-01,2.005266356086688,6.825821499622675,1.7630241847071488,2.3770861708585977,-3.133803279779194,5.560916547531892,8.072343488802014,10.10158044735946,11.946698942671896,8.66282309702505,7.1576148642478215
2023-06-01,-3.0025020850709017,2.005266356086688,1.5446716123099984,-3.5981186034146933,-8.849798946318858,2.9557779223181195,4.84226565210029,7.832929183316137,9.619984359908669,4.6985241120988315,3.7955616653081363
2023-07-01,-3.70370370370372,-3.0025020850709017,1.3533623554024692,-6.357422527225731,-7.900981862651751,1.2495217304722084,2.676965767772346,5.333186657743399,6.3668726650548155,2.5652021831771017,1.1020672893512282
2023-08-01,6.800513756506454,-3.70370370370372,1.185746997947871,-3.500611492128613,-4.856827515352675,-0.3930362267054368,0.9737005375436416,3.5568775859482775,4.637829957326977,0.43352941357572927,0.3768492694052325
2023-09-01,11.865583558980774,6.800513756506454,1.0388909960199366,5.927910019759227,0.5833338558363326,2.5375423161414337,5.675871112785921,8.17985229640048,9.40143847185828,5.878654658686454,4.554411066970418
2023-10-01,5.156127000787203,11.865583558980774,0.9102232697560408,12.085920335280713,3.272935509821611,4.15312658909044,8.466614946009852,9.911957776451075,11.164910003782795,8.66752138409974,10.88710434230861
2023-11-01,3.088828196124327,5.156127000787203,0.7974911774495814,6.699374458645599,2.6586239809362184,4.219849599602011,5.98537283052051,9.348035087104705,10.6674516665044,6.331890502907495,5.52337948806965
2023-12-01,5.679978413383702,3.088828196124327,0.6987210723605433,2.680946053200388,1.2312825725508665,4.208869478941631,5.9404742270999105,9.165116190365978,10.53136704211561,6.160872001949707,5.896521477382039
2024-01-01,1.9032153296524967,5.679978413383702,0.6121837471454543,0.8505984842899772,-1.3489588488694302,3.8443960834957625,5.762489439457682,9.175340884982191,10.763538729051113,5.698573814219829,4.780290845248718
2024-02-01,4.345880999552643,1.9032153296524967,0.5363641590684649,-0.9645064513138918,-1.2802846420675211,2.0618364178333977,4.173242940090929,8.07282234631463,9.146402728563102,3.9433929178064777,2.685269128722027
2024-03-01,3.3596837944663838,4.345880999552643,0.4699349052006025,4.9025398492673045,4.067320665801526,5.40125817203802,6.816644632412206,9.281839756621265,10.83099609755163,6.830608903226348,4.787545693737057
2024-04-01,3.8016953506293305,3.3596837944663838,0.4117329829164007,4.84811866821646,3.268639830441139,3.7574285293200522,5.570702439063952,8.054868592987638,9.284121015526411,4.941218858132787,4.407240685647658
2024-05-01,5.745300503044737,3.8016953506293305,0.36073942869787684,8.22344011698488,6.596429426707422,3.377436894650384,5.8216787994008845,7.945644293208258,9.290079358586043,5.3436669602298235,3.840492780175797
2024-06-01,4.848204246312604,5.745300503044737,0.31606147872260404,8.562754902293506,7.460597126617066,4.98285204891219,6.964535075417936,8.676898789846241,9.8080128791136,6.449115368035835,5.8208242725277115
2024-07-01,8.475033738191629,4.848204246312604,0.2769169388931815,6.245929121885465,6.866250449100155,4.588013674651993,6.423798079216238,8.834544916992414,10.066137995984167,6.19435838884555,5.084064944114253
2024-08-01,0.44306601683650193,8.475033738191629,0.24262049065950375,7.789866454360462,3.916787218834229,6.762231810674059,9.345961632843279,10.579675022315321,11.93272272401671,9.746859893703256,6.425862956132986
2024-09-01,-3.3080933465739926,0.44306601683650193,0.21257169288103378,-0.23895787426278878,-0.7925217988511986,1.4551231907687836,3.188890810389548,6.812892478559429,7.245802556310234,3.2426604421293703,2.6902601323803688
2024-10-01,-1.9962570180910855,-3.3080933465739926,0.18624446967160563,-2.539089270813672,0.35048910889506474,-0.5541067385562136,2.0832290302526983,5.145974723769735,5.647518075312861,2.5208501570584727,1.462939574550756
2024-11-01,-0.6623352046931208,-1.9962570180910855,0.16317790018581163,-0.5225396348430733,1.9458175789579637,1.014152406923498,2.6589451927594823,6.277416749823702,6.515628037914593,2.1868878063113057,0.9666965402679188
2024-12-01,1.238350568109281,-0.6623352046931208,0.14296814909997158,1.8671849194127608,1.5166766937030904,0.2952955001561029,1.9466586681144633,5.480747610817257,5.958473155408089,2.339668892415811,2.723056473849692
2025-01-01,2.7473227944926126,1.238350568109281,0.1252613965114045,3.3406334666916306,3.2720502068363553,1.865238600365166,2.7979492898694955,6.750236913113579,7.3505423491435105,2.883274026667645,3.4056695719964383
2025-02-01,-5.8063330679243075,2.7473227944926126,0.10974764347698338,4.148655441422896,3.266776483426217,1.343497880777657,4.518333812497422,8.607046216996299,10.134072970118362,3.597378417560991,4.065832990100795
2025-03-01,-6.550299142663296,-5.8063330679243075,0.09615528474213249,-3.2862440821809513,0.5534796852269489,-4.875807188491591,-0.39866549934628426,3.972625255340587,4.865942318176941,-0.9752422000159662,-1.627343138454727
2025-04-01,-7.770353872803748,-6.550299142663296,0.08424635364293465,-7.4481940291068245,-1.7538304037857244,-5.971914727258378,-0.7148480614583765,3.7978931469120627,4.858432006680886,-1.2831754358167142,-3.575079123814765
2025-05-01,-8.005758637956928,-7.770353872803748,0.07381235593201396,-12.310693545691278,-5.468827521773303,-6.587602902760186,-2.457484003684715,1.556149173649576,3.081643422503133,-2.2740322943046323,-3.988756906190598
2025-06-01,-6.7057784506686975,-8.005758637956928,0.0646706195893767,-10.203455004666086,-4.8627332414357385,-6.422300419195809,-2.684861452190329,1.1667474455924083,2.8535102222209385,-2.645775099544529,-4.426634872841882
2025-07-01,-7.221945757651149,-6.7057784506686975,0.05666109671294112,-6.607145692750785,-3.8923786647607015,-4.988219349233303,-1.2061852545788627,2.328064349522963,3.1826923842982615,-1.2211377314285399,-4.1915898675186085
2025-08-01,-6.213371983111715,-7.221945757651149,0.04964356149822084,-7.09853492169744,-1.5883582814339594,-6.602114121949111,-2.499855488254646,1.2979782922352459,3.1255864317629416,-2.250442375807206,-5.213559320192978
2025-09-01,-4.4482957827845055,-6.213371983111715,0.04349515525111182,-6.177957509642949,-0.02138399744276559,-4.688041608253749,-1.9314413093557674,1.5940449292728343,3.2282374798990996,-1.727365485509002,-1.6281150684944834
