Modele,RMSE,MAE,R2,Correlation,Biais,sMAPE,MASE
Naïf,4.048,3.098,0.874,0.938,0.51,56.227,0.987
RF2 rolling window,4.916,4.091,0.814,0.914,1.654,70.509,1.304
RF2 pondéré,6.586,5.167,0.666,0.893,-0.067,80.66,1.647
RF2,6.773,5.298,0.646,0.891,-0.21,80.947,1.689
ARMAX,7.007,5.534,0.621,0.829,-2.766,96.083,1.764
Régression linéaire,7.621,5.384,0.552,0.789,-2.314,74.419,1.716
RF1,7.643,5.383,0.55,0.867,-3.012,75.043,1.716
RF3,7.747,6.642,0.537,0.886,2.374,98.796,2.117
RF4,8.165,7.091,0.486,0.884,3.734,99.907,2.26
ARIMA,9.791,7.719,0.261,0.809,-4.633,144.873,2.46
