seed,RMSE,MAE
1,6.587883656269463,5.184666298851653
2,6.8369356226238915,5.374010661615705
3,6.574945827229152,5.151389807206756
4,6.547386880066847,5.06593233833167
5,6.627916683326953,5.1574442743113815
6,6.759649745513539,5.307891876680488
7,6.751927594384072,5.334839124363177
8,6.659897740688806,5.260842477338547
9,6.665490830309454,5.2354053591519305
10,6.72183187392262,5.306420531861367
11,6.681515863699361,5.249666115383708
12,6.72403373710427,5.242620404646999
13,6.552537857799436,5.107215298224475
14,6.61967239710081,5.1483972369275515
15,6.658640365797139,5.215311825064903
16,6.614676093793349,5.1313875764310355
17,6.644242036099193,5.1942274455709185
18,6.617796129278139,5.222515901417063
19,6.660336579734534,5.19344710258363
20,6.721542769495611,5.229108875104598
21,6.646527362167234,5.166094838846392
22,6.6341747573485,5.138960995885992
23,6.636794918669717,5.170631053442772
24,6.710490935761834,5.220202344519766
25,6.690013083837876,5.2382373789538
26,6.680438377125786,5.239572592132822
27,6.6919843388274804,5.191685951639345
28,6.696489971595966,5.293708084252016
29,6.559770446137125,5.104999808629041
30,6.6512462916488735,5.214843819169116
31,6.7704253443975775,5.286821952052505
32,6.742640326326145,5.291074495627558
33,6.690502676865769,5.188022261169319
34,6.6407891864864395,5.187855681281976
35,6.747183700743609,5.319159547235715
36,6.7128304185151295,5.300824489931194
37,6.713703490373475,5.2463867347911215
38,6.561228027962999,5.109618973474537
39,6.721051003292854,5.258160716301373
40,6.642514494273855,5.155631658139523
41,6.681161906197822,5.222610650040442
42,6.623891369037799,5.198836460081903
43,6.813132068893664,5.336502302282955
44,6.751121447856039,5.272284626496461
45,6.71373398162237,5.2514936778499335
46,6.654567725458236,5.254543427219703
47,6.60878018422203,5.21152037478353
48,6.763822814689845,5.299541285938747
49,6.548357802672452,5.097494921222792
50,6.665164468891785,5.2006674969647415
51,6.538196466106144,5.063767548532729
52,6.65834802538885,5.2310399825346785
53,6.627853618371877,5.16479772445179
54,6.569508584216035,5.117182006848254
55,6.663141570514375,5.230292163328131
56,6.556113563394791,5.104357683365794
57,6.762599448074729,5.301846287816299
58,6.753638945002925,5.3126742452815146
59,6.599400031835138,5.13308349886556
60,6.721156499048966,5.322065041867856
61,6.690233942374603,5.212725436293902
62,6.732216875620433,5.322537786122338
63,6.61497640708739,5.127053086726869
64,6.739207590107487,5.308158425797846
65,6.651440592960457,5.18628929828068
66,6.642106862260914,5.153257998277324
67,6.683332643229947,5.256571785360554
68,6.672446266850263,5.271950748013987
69,6.819882029645332,5.3767340727495485
70,6.763500442221329,5.309939908112242
71,6.783915183052868,5.358713846020581
72,6.719886493812573,5.2737552816659266
73,6.8495354665300505,5.377399556362063
74,6.652691849110944,5.162271832629432
75,6.872208146653429,5.410494959675634
76,6.677726105237712,5.236447594680322
77,6.575674376673155,5.143635910156603
78,6.6634760745272965,5.26792130464856
79,6.781274354970877,5.297861076149083
80,6.67082523743241,5.192055371063538
81,6.670505639220967,5.200781433077551
82,6.690872870660525,5.195573118718406
83,6.785451034279397,5.365274578768352
84,6.64554325118675,5.180682985242444
85,6.645125512876813,5.223839274292341
86,6.718207316930999,5.275469297070669
87,6.628152248187393,5.15138251253696
88,6.814284529633039,5.357681443165842
89,6.794792670580728,5.403513860025495
90,6.703544655940808,5.232288361041663
91,6.82869860133257,5.373327229760664
92,6.749623734706352,5.2883905420249055
93,6.661162777763706,5.189418473502526
94,6.605413196096347,5.112710096858519
95,6.688217338714174,5.235392689026558
96,6.705421228416378,5.231103132338781
97,6.701712790742266,5.201891936918825
98,6.588551994258917,5.154086560923202
99,6.749585662554513,5.320935011029244
100,6.653804759169671,5.207830243344933
