Month;Brent
2015-M01;43,1
2015-M02;51,3
2015-M03;52,8
2015-M04;55,4
2015-M05;57,5
2015-M06;54,8
2015-M07;51,4
2015-M08;41,9
2015-M09;42,4
2015-M10;43,1
2015-M11;41,2
2015-M12;35
2016-M01;28,3
2016-M02;29
2016-M03;34,4
2016-M04;36,7
2016-M05;41,3
2016-M06;43
2016-M07;41
2016-M08;41,8
2016-M09;42,5
2016-M10;46,6
2016-M11;43,7
2016-M12;52,1
2017-M01;52,2
2017-M02;52,6
2017-M03;49,2
2017-M04;50,1
2017-M05;46,5
2017-M06;42,4
2017-M07;42,6
2017-M08;44
2017-M09;46,6
2017-M10;48,9
2017-M11;53,4
2017-M12;54,4
2018-M01;56,6
2018-M02;52,9
2018-M03;53,5
2018-M04;58,7
2018-M05;65,2
2018-M06;63,7
2018-M07;63,5
2018-M08;62,8
2018-M09;67,7
2018-M10;70,6
2018-M11;57
2018-M12;49,8
2019-M01;52
2019-M02;56,4
2019-M03;58,5
2019-M04;63,4
2019-M05;63,6
2019-M06;56,9
2019-M07;57
2019-M08;53,1
2019-M09;57,1
2019-M10;54
2019-M11;57,2
2019-M12;60,4
2020-M01;57,3
2020-M02;51,1
2020-M03;28,8
2020-M04;16,9
2020-M05;27,5
2020-M06;35,8
2020-M07;37,7
2020-M08;37,8
2020-M09;34,7
2020-M10;34,1
2020-M11;36,1
2020-M12;41,1
2021-M01;45
2021-M02;51,5
2021-M03;55
2021-M04;54,1
2021-M05;56,4
2021-M06;60,8
2021-M07;63,5
2021-M08;60,2
2021-M09;63,3
2021-M10;72
2021-M11;71
2021-M12;65,8
2022-M01;76,5
2022-M02;85,4
2022-M03;106,4
2022-M04;96,7
2022-M05;106,9
2022-M06;115,5
2022-M07;109,9
2022-M08;99,4
2022-M09;90,6
2022-M10;95
2022-M11;89,7
2022-M12;76,5
2023-M01;76,6
2023-M02;77,3
2023-M03;73,3
2023-M04;77,2
2023-M05;69,6
2023-M06;69
2023-M07;72,4
2023-M08;78,9
2023-M09;87,5
2023-M10;85,8
2023-M11;76,8
2023-M12;71,2
2024-M01;73,4
2024-M02;77,3
2024-M03;78,6
2024-M04;83,8
2024-M05;75,7
2024-M06;76,5
2024-M07;78,5
2024-M08;73
2024-M09;66,6
2024-M10;69,4
2024-M11;69,7
2024-M12;70,5
2025-M01;76,6
2025-M02;72,4
2025-M03;67,3
2025-M04;60,6
2025-M05;57,2
2025-M06;62
2025-M07;60,8
2025-M08;58,4
2025-M09;57,4