Libellé;Indice des prix à la consommation - Base 2015 - Ensemble des ménages - France - Énergie - Séries arrêtées
2025-12;147.78
2025-11;150.23
2025-10;148.25
2025-09;148.86
2025-08;148.83
2025-07;149.15
2025-06;147.89
2025-05;146.97
2025-04;149.08
2025-03;151.51
2025-02;153.79
2025-01;161.19
2024-12;158.6
2024-11;157.48
2024-10;157.1
2024-09;155.79
2024-08;158.69
2024-07;160.76
2024-06;158.52
2024-05;159.76
2024-04;161.64
2024-03;162.13
2024-02;163.27
2024-01;156.88
2023-12;156.66
2023-11;158.53
2023-10;160.3
2023-09;161.12
2023-08;157.99
2023-07;148.2
2023-06;151.19
2023-05;151.08
2023-04;155.72
2023-03;156.86
2023-02;156.47
2023-01;153.95
2022-12;148.24
2022-11;153.78
2022-10;152.44
2022-09;144.03
2022-08;147.93
2022-07;153.9
2022-06;155.87
2022-05;148.11
2022-04;145.77
2022-03;149.55
2022-02;137.19
2022-01;132.43
2021-12;128.74
2021-11;129.93
2021-10;128.0
2021-09;122.14
2021-08;120.52
2021-07;119.77
2021-06;117.15
2021-05;115.86
2021-04;115.23
2021-03;115.73
2021-02;113.24
2021-01;110.49
2020-12;108.64
2020-11;106.84
2020-10;106.5
2020-09;106.26
2020-08;106.98
2020-07;106.62
2020-06;105.59
2020-05;103.73
2020-04;105.94
2020-03;110.55
2020-02;115.06
2020-01;117.35
2019-12;116.76
2019-11;115.84
2019-10;115.52
2019-09;115.51
2019-08;115.12
2019-07;115.13
2019-06;116.39
2019-05;116.56
2019-04;115.85
2019-03;115.12
2019-02;113.85
2019-01;112.35
2018-12;113.77
2018-11;116.58
2018-10;117.42
2018-09;115.32
2018-08;114.26
2018-07;114.23
2018-06;113.68
2018-05;112.71
2018-04;110.54
2018-03;109.5
2018-02;110.27
2018-01;110.26
2017-12;105.33
2017-11;104.83
2017-10;103.22
2017-09;102.23
2017-08;101.15
2017-07;99.95
2017-06;101.27
2017-05;102.42
2017-04;103.99
2017-03;104.27
2017-02;104.79
2017-01;104.8
2016-12;100.3
2016-11;99.42
2016-10;98.53
2016-09;97.31
2016-08;96.5
2016-07;98.07
2016-06;99.39
2016-05;97.24
2016-04;95.18
2016-03;94.89
2016-02;94.06
2016-01;95.02
2015-12;96.15
2015-11;97.35
2015-10;97.81
2015-09;98.43
2015-08;99.47
2015-07;101.37
2015-06;102.6
2015-05;103.09
2015-04;102.11
2015-03;101.91
2015-02;100.91
2015-01;98.81
2014-12;100.9
2014-11;103.56
2014-10;104.16
2014-09;104.56
2014-08;104.79
2014-07;105.65
2014-06;105.58
2014-05;105.63
2014-04;105.69
2014-03;105.86
2014-02;106.53
2014-01;106.39
2013-12;105.5
2013-11;104.73
2013-10;105.39
2013-09;107.2
2013-08;106.37
2013-07;104.88
2013-06;104.55
2013-05;104.53
2013-04;106.4
2013-03;107.59
2013-02;107.8
2013-01;106.25
2012-12;104.4
2012-11;104.61
2012-10;105.85
2012-09;106.41
2012-08;106.72
2012-07;103.02
2012-06;102.78
2012-05;104.97
2012-04;106.61
2012-03;106.47
2012-02;105.26
2012-01;104.18
2011-12;101.79
2011-11;101.87
2011-10;100.69
2011-09;100.56
2011-08;99.85
2011-07;99.45
2011-06;99.46
2011-05;99.97
2011-04;101.24
2011-03;99.98
2011-02;97.61
2011-01;96.56
2010-12;93.15
2010-11;91.4
2010-10;90.53
2010-09;89.69
2010-08;89.23
2010-07;89.24
2010-06;89.23
2010-05;89.81
2010-04;89.04
2010-03;86.68
2010-02;84.91
2010-01;84.9
2009-12;82.77
2009-11;83.08
2009-10;81.5
2009-09;81.69
2009-08;82.3
2009-07;80.77
2009-06;81.55
2009-05;79.05
2009-04;78.9
2009-03;78.91
2009-02;80.52
2009-01;80.08
2008-12;81.86
2008-11;86.74
2008-10;91.78
2008-09;95.35
2008-08;95.68
2008-07;98.9
2008-06;98.72
2008-05;95.37
2008-04;91.57
2008-03;90.62
2008-02;88.25
2008-01;88.75
2007-12;88.04
2007-11;87.59
2007-10;84.1
2007-09;83.51
2007-08;82.98
2007-07;83.43
2007-06;83.1
2007-05;82.67
2007-04;81.74
2007-03;80.43
2007-02;79.2
2007-01;79.03
2006-12;79.58
2006-11;79.51
2006-10;79.93
2006-09;82.33
2006-08;84.51
2006-07;84.04
2006-06;83.33
2006-05;83.9
2006-04;82.23
2006-03;80.28
2006-02;79.89
2006-01;79.6
2005-12;78.25
2005-11;79.36
2005-10;81.67
2005-09;81.55
2005-08;78.85
2005-07;77.79
2005-06;75.67
2005-05;74.31
2005-04;75.32
2005-03;74.02
2005-02;72.16
2005-01;71.02