Libellé;Gaz naturel TTF, contrats à terme à la première échéance aux Pays-Bas - ICE Futures Europe - Prix en euros par mégawattheure
2025-12;27.6
2025-11;30.8
2025-10;31.9
2025-09;32.3
2025-08;32.7
2025-07;33.9
2025-06;36.6
2025-05;35.3
2025-04;35.2
2025-03;41.8
2025-02;50.3
2025-01;48.3
2024-12;45.2
2024-11;44.7
2024-10;40.4
2024-09;36.2
2024-08;38.3
2024-07;32.6
2024-06;34.5
2024-05;32.0
2024-04;28.9
2024-03;26.9
2024-02;25.8
2024-01;29.9
2023-12;36.0
2023-11;45.7
2023-10;47.1
2023-09;36.9
2023-08;35.0
2023-07;29.5
2023-06;32.6
2023-05;31.7
2023-04;42.1
2023-03;44.0
2023-02;52.6
2023-01;63.9
2022-12;116.2
2022-11;119.5
2022-10;135.5
2022-09;203.5
2022-08;236.0
2022-07;172.0
2022-06;108.3
2022-05;94.1
2022-04;101.8
2022-03;131.3
2022-02;81.9
2022-01;85.2
2021-12;114.8
2021-11;82.6
2021-10;91.3
2021-09;66.2
2021-08;44.7
2021-07;36.1
2021-06;29.2
2021-05;25.0
2021-04;20.4
2021-03;17.6
2021-02;17.4
2021-01;20.4
2020-12;16.4
2020-11;13.9
2020-10;14.2
2020-09;11.4
2020-08;8.3
2020-07;5.4
2020-06;5.3
2020-05;4.9
2020-04;6.7
2020-03;8.4
2020-02;9.1
2020-01;11.2
2019-12;14.2
2019-11;15.9
2019-10;15.6
2019-09;13.0
2019-08;11.3
2019-07;11.0
2019-06;10.8
2019-05;13.2
2019-04;14.9
2019-03;15.6
2019-02;18.1
2019-01;21.7
2018-12;23.9
2018-11;24.8
2018-10;26.1
2018-09;27.9
2018-08;23.9
2018-07;22.2
2018-06;21.8
2018-05;21.6
2018-04;19.3
2018-03;18.5
2018-02;18.6
2018-01;18.6
2017-12;20.6
2017-11;19.5
2017-10;17.9
2017-09;17.1
2017-08;15.8
2017-07;14.8
2017-06;14.9
2017-05;15.6
2017-04;16.0
2017-03;16.0
2017-02;19.4
2017-01;19.7
2016-12;17.5
2016-11;18.0
2016-10;16.5
2016-09;12.9
2016-08;12.3
2016-07;14.4
2016-06;14.4
2016-05;13.1
2016-04;12.0
2016-03;12.0
2016-02;12.2
2016-01;13.8
2015-12;16.0
2015-11;17.5
2015-10;18.3
2015-09;19.1
2015-08;19.4
2015-07;20.8
2015-06;20.3
2015-05;20.4
2015-04;21.4
2015-03;
2015-02;
2015-01;
2014-12;
2014-11;
2014-10;
2014-09;
2014-08;
2014-07;
2014-06;
2014-05;
2014-04;
2014-03;
2014-02;
2014-01;
2013-12;
2013-11;
2013-10;
2013-09;
2013-08;
2013-07;
2013-06;
2013-05;
2013-04;
2013-03;
2013-02;
2013-01;
2012-12;
2012-11;
2012-10;
2012-09;
2012-08;
2012-07;
2012-06;
2012-05;
2012-04;
2012-03;
2012-02;
2012-01;
2011-12;
2011-11;
2011-10;
2011-09;
2011-08;
2011-07;
2011-06;
2011-05;
2011-04;
2011-03;
2011-02;
2011-01;
2010-12;
2010-11;
2010-10;
2010-09;
2010-08;
2010-07;
2010-06;
2010-05;
2010-04;
2010-03;
2010-02;
2010-01;
2009-12;
2009-11;
2009-10;
2009-09;
2009-08;
2009-07;
2009-06;
2009-05;
2009-04;
2009-03;
2009-02;
2009-01;
2008-12;
2008-11;
2008-10;
2008-09;
2008-08;
2008-07;
2008-06;
2008-05;
2008-04;
2008-03;
2008-02;
2008-01;
2007-12;
2007-11;
2007-10;
2007-09;
2007-08;
2007-07;
2007-06;
2007-05;
2007-04;
2007-03;
2007-02;
2007-01;
2006-12;
2006-11;
2006-10;
2006-09;
2006-08;
2006-07;
2006-06;
2006-05;
2006-04;
2006-03;
2006-02;
2006-01;
2005-12;
2005-11;
2005-10;
2005-09;
2005-08;
2005-07;
2005-06;
2005-05;
2005-04;
2005-03;
2005-02;
2005-01;