Mois;Indice d'ensemble
2005-M01;57,7
2005-M02;59,2
2005-M03;60,2
2005-M04;60,5
2005-M05;60,8
2005-M06;63,5
2005-M07;64,2
2005-M08;63,7
2005-M09;63,9
2005-M10;65,5
2005-M11;67,5
2005-M12;69,5
2006-M01;70,6
2006-M02;72,2
2006-M03;72,5
2006-M04;75,8
2006-M05;78,5
2006-M06;77,8
2006-M07;80
2006-M08;78,7
2006-M09;77,5
2006-M10;78,9
2006-M11;77,9
2006-M12;76,5
2007-M01;77,6
2007-M02;79,5
2007-M03;81,3
2007-M04;82,7
2007-M05;85,3
2007-M06;85
2007-M07;84,1
2007-M08;85,1
2007-M09;89,2
2007-M10;91,8
2007-M11;92,3
2007-M12;91,8
2008-M01;90,8
2008-M02;94,7
2008-M03;93,7
2008-M04;93,6
2008-M05;94,7
2008-M06;94,5
2008-M07;94,2
2008-M08;94
2008-M09;87,9
2008-M10;75
2008-M11;69,1
2008-M12;63,4
2009-M01;65,4
2009-M02;67,4
2009-M03;65,1
2009-M04;66,8
2009-M05;68,8
2009-M06;70,4
2009-M07;72,3
2009-M08;77,2
2009-M09;73,7
2009-M10;73,8
2009-M11;76,1
2009-M12;80,8
2010-M01;86
2010-M02;88,5
2010-M03;92,9
2010-M04;101,8
2010-M05;103,2
2010-M06;102,4
2010-M07;98,2
2010-M08;103,4
2010-M09;104,1
2010-M10;100,9
2010-M11;105,2
2010-M12;113,1
2011-M01;118,2
2011-M02;120
2011-M03;115,5
2011-M04;113,8
2011-M05;110,4
2011-M06;108,6
2011-M07;110,3
2011-M08;109
2011-M09;109,2
2011-M10;102
2011-M11;99,1
2011-M12;100,5
2012-M01;105,1
2012-M02;105,2
2012-M03;105,9
2012-M04;105
2012-M05;105,1
2012-M06;105,2
2012-M07;107,7
2012-M08;105,5
2012-M09;102,4
2012-M10;101,7
2012-M11;102,7
2012-M12;103,4
2013-M01;105,1
2013-M02;106,2
2013-M03;106,8
2013-M04;104,9
2013-M05;104,1
2013-M06;101,1
2013-M07;102,5
2013-M08;101,5
2013-M09;100,1
2013-M10;97,9
2013-M11;99,4
2013-M12;98,8
2014-M01;99,1
2014-M02;100,3
2014-M03;101
2014-M04;102,3
2014-M05;100
2014-M06;98,9
2014-M07;100,3
2014-M08;101,1
2014-M09;101,1
2014-M10;101,8
2014-M11;101,8
2014-M12;99,6
2015-M01;101,9
2015-M02;101,4
2015-M03;102,2
2015-M04;102
2015-M05;100,7
2015-M06;99,7
2015-M07;98,1
2015-M08;95,1
2015-M09;93,4
2015-M10;92,6
2015-M11;92,3
2015-M12;89,4
2016-M01;88,4
2016-M02;89
2016-M03;93
2016-M04;94,9
2016-M05;94,9
2016-M06;97,8
2016-M07;101,6
2016-M08;99,9
2016-M09;98,5
2016-M10;101
2016-M11;109,1
2016-M12;112,9
2017-M01;115,1
2017-M02;118,1
2017-M03;116,7
2017-M04;110,7
2017-M05;106,4
2017-M06;104,5
2017-M07;105,7
2017-M08;105,8
2017-M09;103,6
2017-M10;102,9
2017-M11;103,4
2017-M12;102,3
2018-M01;102,9
2018-M02;103
2018-M03;102,2
2018-M04;102,7
2018-M05;107,4
2018-M06;108,2
2018-M07;103,3
2018-M08;100,7
2018-M09;98,3
2018-M10;103,3
2018-M11;102,6
2018-M12;100,2
2019-M01;101,9
2019-M02;105,9
2019-M03;105,3
2019-M04;108,4
2019-M05;107,2
2019-M06;108,5
2019-M07;110,9
2019-M08;103,9
2019-M09;104,5
2019-M10;103
2019-M11;104,6
2019-M12;107,1
2020-M01;108,4
2020-M02;106,3
2020-M03;100,7
2020-M04;97,8
2020-M05;103
2020-M06;101,7
2020-M07;102,6
2020-M08;106
2020-M09;108,7
2020-M10;108,4
2020-M11;112,1
2020-M12;118,6
2021-M01;122,1
2021-M02;126,3
2021-M03;131,9
2021-M04;139,3
2021-M05;146,1
2021-M06;144,1
2021-M07;145
2021-M08;143,5
2021-M09;139,2
2021-M10;144,5
2021-M11;142,1
2021-M12;148,5
2022-M01;154,7
2022-M02;160,4
2022-M03;175,4
2022-M04;179
2022-M05;170,5
2022-M06;165,5
2022-M07;160,6
2022-M08;162,5
2022-M09;156,4
2022-M10;153,4
2022-M11;148,2
2022-M12;147,9
2023-M01;150,8
2023-M02;152,4
2023-M03;150,1
2023-M04;147,7
2023-M05;142,9
2023-M06;144,6
2023-M07;144,3
2023-M08;144
2023-M09;148,2
2023-M10;148,7
2023-M11;150,6
2023-M12;151,5
2024-M01;150,6
2024-M02;152,2
2024-M03;155,2
2024-M04;165,9
2024-M05;164,3
2024-M06;163,5
2024-M07;157,1
2024-M08;155,4
2024-M09;155,3
2024-M10;160,7
2024-M11;167,2
2024-M12;172,3
2025-M01;174,8
2025-M02;178,4
2025-M03;170,7
2025-M04;160,1
2025-M05;161,7
2025-M06;156,2
2025-M07;152,1
2025-M08;153,5
2025-M09;157,1